summary,E1,E2,E3,E4,E5,E6,E7,E8,E9,E10,E11,E12,E13,E14,E15,E16,E17,E18,E19,E20,E21,E22,E23,E24,E25,E26,E27,E28,E29,Label,total_events
count,3450366,3450366,3450366,3450366,3450366,3450366,3450366,3450366,3450366,3450366,3450366,3450366,3450366,3450366,3450366,3450366,3450366,3450366,3450366,3450366,3450366,3450366,3450366,3450366,3450366,3450366,3450366,3450366,3450366,3450366,3450366
mean,0.03983119471958046,0.24272140984484247,0.7757928579113331,0.650124624455532,2.9966284012422406,0.051623161137032664,0.045346551641123355,0.03970204899996742,2.968004597273073,0.04005269296063621,2.9682254868830436,0.03972417708724847,0.04223864946495941,0.040001118721845766,0.03967699368699494,0.05129339901904321,0.0396225791698104,0.05154798070689832,0.03965008349833661,0.0489896144350328,2.445379722088022,1.000054704339819,2.4356807655132284,0.0396769936869948,0.0513781436519314,2.990991941224615,0.04139860814760148,0.041671767574745854,0.03966444429368417,0.029280371995318757,19.43381708337257
stddev,0.19575310887936895,0.6016794515434839,2.516152143788168,1.6049580171018298,0.3008450439035335,0.24245322183513146,0.21006638846322764,0.19547843498740494,0.3677996685553332,0.19666455692842225,0.36770265146671993,0.19542903329395275,0.2134971831135597,0.19743537018544907,0.1955477249353855,0.23810520120834178,0.1952787033074278,0.2388348023624508,0.19512947509089715,0.21830103758949856,1.1866894222754187,0.20425873318179985,1.1846309438617453,0.19528773717082942,0.2386160092574649,0.45420241455358173,0.19963034298038937,0.20055689898713416,0.1953169348013174,0.16859134037317355,5.1777301311306
min,0.0,0.0,0.0,0.0,0.95,0.0,0.0,0.0,0.0,0.0,0.0,0.0,0.0,0.0,0.0,0.0,0.0,0.0,0.0,0.0,0.0,0.95,0.0,0.0,0.0,0.0,0.0,0.0,0.0,0,1.9826256667681932
max,3.95,5.95,203.95,41.0,13.0,10.95,5.0,3.95,6.95,3.95,6.95,2.95,5.95,5.0,3.95,5.95,3.95,5.95,2.95,3.95,13.0,3.95,10.95,3.95,5.95,13.95,3.95,4.0,2.95,1,298.006212722261
